cve_entidad,desc_entidad,cve_municipio,desc_municipio,id_indicador,indicador,año,valor,unidad_medida
09,Ciudad de México,0,Estatal,6207048973,Vehículos de motor registrados en circulación,1980,1869808,No especificada
09,Ciudad de México,0,Estatal,6207048973,Vehículos de motor registrados en circulación,1981,1996743,No especificada
09,Ciudad de México,0,Estatal,6207048973,Vehículos de motor registrados en circulación,1982,1965771,No especificada
09,Ciudad de México,0,Estatal,6207048973,Vehículos de motor registrados en circulación,1983,1773140,No especificada
09,Ciudad de México,0,Estatal,6207048973,Vehículos de motor registrados en circulación,1984,1795279,No especificada
09,Ciudad de México,0,Estatal,6207048973,Vehículos de motor registrados en circulación,1985,1833239,No especificada
09,Ciudad de México,0,Estatal,6207048973,Vehículos de motor registrados en circulación,1986,1519411,No especificada
09,Ciudad de México,0,Estatal,6207048973,Vehículos de motor registrados en circulación,1987,1549203,No especificada
09,Ciudad de México,0,Estatal,6207048973,Vehículos de motor registrados en circulación,1988,1677570,No especificada
09,Ciudad de México,0,Estatal,6207048973,Vehículos de motor registrados en circulación,1989,1711583,No especificada
09,Ciudad de México,0,Estatal,6207048973,Vehículos de motor registrados en circulación,1990,1977554,No especificada
09,Ciudad de México,0,Estatal,6207048973,Vehículos de motor registrados en circulación,1991,1919557,No especificada
09,Ciudad de México,0,Estatal,6207048973,Vehículos de motor registrados en circulación,1992,2257243,No especificada
09,Ciudad de México,0,Estatal,6207048973,Vehículos de motor registrados en circulación,1993,2566043,No especificada
09,Ciudad de México,0,Estatal,6207048973,Vehículos de motor registrados en circulación,1994,2016038,No especificada
09,Ciudad de México,0,Estatal,6207048973,Vehículos de motor registrados en circulación,1995,2132325,No especificada
09,Ciudad de México,0,Estatal,6207048973,Vehículos de motor registrados en circulación,1996,2067206,No especificada
09,Ciudad de México,0,Estatal,6207048973,Vehículos de motor registrados en circulación,1997,2100283,No especificada
09,Ciudad de México,0,Estatal,6207048973,Vehículos de motor registrados en circulación,1998,2541957,No especificada
09,Ciudad de México,0,Estatal,6207048973,Vehículos de motor registrados en circulación,1999,2631169,No especificada
09,Ciudad de México,0,Estatal,6207048973,Vehículos de motor registrados en circulación,2000,2511543,No especificada
09,Ciudad de México,0,Estatal,6207048973,Vehículos de motor registrados en circulación,2001,2407362,No especificada
09,Ciudad de México,0,Estatal,6207048973,Vehículos de motor registrados en circulación,2002,2321702,No especificada
09,Ciudad de México,0,Estatal,6207048973,Vehículos de motor registrados en circulación,2003,2260123,No especificada
09,Ciudad de México,0,Estatal,6207048973,Vehículos de motor registrados en circulación,2004,2556032,No especificada
09,Ciudad de México,0,Estatal,6207048973,Vehículos de motor registrados en circulación,2005,2696220,No especificada
09,Ciudad de México,0,Estatal,6207048973,Vehículos de motor registrados en circulación,2006,3079690,No especificada
09,Ciudad de México,0,Estatal,6207048973,Vehículos de motor registrados en circulación,2007,3423719,No especificada
09,Ciudad de México,0,Estatal,6207048973,Vehículos de motor registrados en circulación,2008,3922587,No especificada
09,Ciudad de México,0,Estatal,6207048973,Vehículos de motor registrados en circulación,2009,4120535,No especificada
09,Ciudad de México,0,Estatal,6207048973,Vehículos de motor registrados en circulación,2010,4166756,No especificada
09,Ciudad de México,0,Estatal,6207048973,Vehículos de motor registrados en circulación,2011,4396912,No especificada
09,Ciudad de México,0,Estatal,6207048973,Vehículos de motor registrados en circulación,2012,4615276,No especificada
09,Ciudad de México,0,Estatal,6207048973,Vehículos de motor registrados en circulación,2013,4787187,No especificada
09,Ciudad de México,0,Estatal,6207048973,Vehículos de motor registrados en circulación,2014,4737749,No especificada
09,Ciudad de México,0,Estatal,6207048973,Vehículos de motor registrados en circulación,2015,4997606,No especificada
09,Ciudad de México,0,Estatal,6207048973,Vehículos de motor registrados en circulación,2016,5220651,No especificada
09,Ciudad de México,0,Estatal,6207048973,Vehículos de motor registrados en circulación,2017,5471904,No especificada
09,Ciudad de México,0,Estatal,6207048973,Vehículos de motor registrados en circulación,2018,5802469,No especificada
09,Ciudad de México,0,Estatal,6207048973,Vehículos de motor registrados en circulación,2019,6084903,No especificada
09,Ciudad de México,0,Estatal,6207048973,Vehículos de motor registrados en circulación,2020,6145553,No especificada
09,Ciudad de México,0,Estatal,6207048973,Vehículos de motor registrados en circulación,2021,6235773,No especificada
09,Ciudad de México,002,Azcapotzalco,6207048973,Vehículos de motor registrados en circulación,1980,102426,No especificada
09,Ciudad de México,002,Azcapotzalco,6207048973,Vehículos de motor registrados en circulación,1981,109379,No especificada
09,Ciudad de México,002,Azcapotzalco,6207048973,Vehículos de motor registrados en circulación,1982,107770,No especificada
09,Ciudad de México,002,Azcapotzalco,6207048973,Vehículos de motor registrados en circulación,1983,97182,No especificada
09,Ciudad de México,002,Azcapotzalco,6207048973,Vehículos de motor registrados en circulación,1984,98434,No especificada
09,Ciudad de México,002,Azcapotzalco,6207048973,Vehículos de motor registrados en circulación,1985,100534,No especificada
09,Ciudad de México,002,Azcapotzalco,6207048973,Vehículos de motor registrados en circulación,1986,83346,No especificada
09,Ciudad de México,002,Azcapotzalco,6207048973,Vehículos de motor registrados en circulación,1987,88085,No especificada
09,Ciudad de México,002,Azcapotzalco,6207048973,Vehículos de motor registrados en circulación,1988,98735,No especificada
09,Ciudad de México,002,Azcapotzalco,6207048973,Vehículos de motor registrados en circulación,1989,100387,No especificada
09,Ciudad de México,002,Azcapotzalco,6207048973,Vehículos de motor registrados en circulación,1990,115697,No especificada
09,Ciudad de México,002,Azcapotzalco,6207048973,Vehículos de motor registrados en circulación,1991,114189,No especificada
09,Ciudad de México,002,Azcapotzalco,6207048973,Vehículos de motor registrados en circulación,1992,157014,No especificada
09,Ciudad de México,002,Azcapotzalco,6207048973,Vehículos de motor registrados en circulación,1993,178044,No especificada
09,Ciudad de México,002,Azcapotzalco,6207048973,Vehículos de motor registrados en circulación,1994,116545,No especificada
09,Ciudad de México,002,Azcapotzalco,6207048973,Vehículos de motor registrados en circulación,1995,125116,No especificada
09,Ciudad de México,002,Azcapotzalco,6207048973,Vehículos de motor registrados en circulación,1996,122115,No especificada
09,Ciudad de México,002,Azcapotzalco,6207048973,Vehículos de motor registrados en circulación,1997,124104,No especificada
09,Ciudad de México,002,Azcapotzalco,6207048973,Vehículos de motor registrados en circulación,1998,148034,No especificada
09,Ciudad de México,002,Azcapotzalco,6207048973,Vehículos de motor registrados en circulación,1999,152698,No especificada
09,Ciudad de México,002,Azcapotzalco,6207048973,Vehículos de motor registrados en circulación,2000,145099,No especificada
09,Ciudad de México,002,Azcapotzalco,6207048973,Vehículos de motor registrados en circulación,2001,137986,No especificada
09,Ciudad de México,002,Azcapotzalco,6207048973,Vehículos de motor registrados en circulación,2002,132031,No especificada
09,Ciudad de México,002,Azcapotzalco,6207048973,Vehículos de motor registrados en circulación,2003,127355,No especificada
09,Ciudad de México,002,Azcapotzalco,6207048973,Vehículos de motor registrados en circulación,2004,143784,No especificada
09,Ciudad de México,002,Azcapotzalco,6207048973,Vehículos de motor registrados en circulación,2005,141860,No especificada
09,Ciudad de México,002,Azcapotzalco,6207048973,Vehículos de motor registrados en circulación,2006,165420,No especificada
09,Ciudad de México,002,Azcapotzalco,6207048973,Vehículos de motor registrados en circulación,2007,189426,No especificada
09,Ciudad de México,002,Azcapotzalco,6207048973,Vehículos de motor registrados en circulación,2008,192086,No especificada
09,Ciudad de México,002,Azcapotzalco,6207048973,Vehículos de motor registrados en circulación,2009,202083,No especificada
09,Ciudad de México,002,Azcapotzalco,6207048973,Vehículos de motor registrados en circulación,2010,207311,No especificada
09,Ciudad de México,002,Azcapotzalco,6207048973,Vehículos de motor registrados en circulación,2011,220082,No especificada
09,Ciudad de México,002,Azcapotzalco,6207048973,Vehículos de motor registrados en circulación,2012,230460,No especificada
09,Ciudad de México,002,Azcapotzalco,6207048973,Vehículos de motor registrados en circulación,2013,238985,No especificada
09,Ciudad de México,002,Azcapotzalco,6207048973,Vehículos de motor registrados en circulación,2014,261015,No especificada
09,Ciudad de México,002,Azcapotzalco,6207048973,Vehículos de motor registrados en circulación,2015,274867,No especificada
09,Ciudad de México,002,Azcapotzalco,6207048973,Vehículos de motor registrados en circulación,2016,285559,No especificada
09,Ciudad de México,002,Azcapotzalco,6207048973,Vehículos de motor registrados en circulación,2017,297476,No especificada
09,Ciudad de México,002,Azcapotzalco,6207048973,Vehículos de motor registrados en circulación,2018,311310,No especificada
09,Ciudad de México,002,Azcapotzalco,6207048973,Vehículos de motor registrados en circulación,2019,324084,No especificada
09,Ciudad de México,002,Azcapotzalco,6207048973,Vehículos de motor registrados en circulación,2020,326530,No especificada
09,Ciudad de México,002,Azcapotzalco,6207048973,Vehículos de motor registrados en circulación,2021,329694,No especificada
09,Ciudad de México,003,Coyoacán,6207048973,Vehículos de motor registrados en circulación,1980,177638,No especificada
09,Ciudad de México,003,Coyoacán,6207048973,Vehículos de motor registrados en circulación,1981,189695,No especificada
09,Ciudad de México,003,Coyoacán,6207048973,Vehículos de motor registrados en circulación,1982,187112,No especificada
09,Ciudad de México,003,Coyoacán,6207048973,Vehículos de motor registrados en circulación,1983,168900,No especificada
09,Ciudad de México,003,Coyoacán,6207048973,Vehículos de motor registrados en circulación,1984,170936,No especificada
09,Ciudad de México,003,Coyoacán,6207048973,Vehículos de motor registrados en circulación,1985,174619,No especificada
09,Ciudad de México,003,Coyoacán,6207048973,Vehículos de motor registrados en circulación,1986,144818,No especificada
09,Ciudad de México,003,Coyoacán,6207048973,Vehículos de motor registrados en circulación,1987,141439,No especificada
09,Ciudad de México,003,Coyoacán,6207048973,Vehículos de motor registrados en circulación,1988,151202,No especificada
09,Ciudad de México,003,Coyoacán,6207048973,Vehículos de motor registrados en circulación,1989,153878,No especificada
09,Ciudad de México,003,Coyoacán,6207048973,Vehículos de motor registrados en circulación,1990,176490,No especificada
09,Ciudad de México,003,Coyoacán,6207048973,Vehículos de motor registrados en circulación,1991,174316,No especificada
09,Ciudad de México,003,Coyoacán,6207048973,Vehículos de motor registrados en circulación,1992,183462,No especificada
09,Ciudad de México,003,Coyoacán,6207048973,Vehículos de motor registrados en circulación,1993,208784,No especificada
09,Ciudad de México,003,Coyoacán,6207048973,Vehículos de motor registrados en circulación,1994,188707,No especificada
09,Ciudad de México,003,Coyoacán,6207048973,Vehículos de motor registrados en circulación,1995,198583,No especificada
09,Ciudad de México,003,Coyoacán,6207048973,Vehículos de motor registrados en circulación,1996,192213,No especificada
09,Ciudad de México,003,Coyoacán,6207048973,Vehículos de motor registrados en circulación,1997,195270,No especificada
09,Ciudad de México,003,Coyoacán,6207048973,Vehículos de motor registrados en circulación,1998,242506,No especificada
09,Ciudad de México,003,Coyoacán,6207048973,Vehículos de motor registrados en circulación,1999,251679,No especificada
09,Ciudad de México,003,Coyoacán,6207048973,Vehículos de motor registrados en circulación,2000,238612,No especificada
09,Ciudad de México,003,Coyoacán,6207048973,Vehículos de motor registrados en circulación,2001,229899,No especificada
09,Ciudad de México,003,Coyoacán,6207048973,Vehículos de motor registrados en circulación,2002,222358,No especificada
09,Ciudad de México,003,Coyoacán,6207048973,Vehículos de motor registrados en circulación,2003,216468,No especificada
09,Ciudad de México,003,Coyoacán,6207048973,Vehículos de motor registrados en circulación,2004,245673,No especificada
09,Ciudad de México,003,Coyoacán,6207048973,Vehículos de motor registrados en circulación,2005,261229,No especificada
09,Ciudad de México,003,Coyoacán,6207048973,Vehículos de motor registrados en circulación,2006,288177,No especificada
09,Ciudad de México,003,Coyoacán,6207048973,Vehículos de motor registrados en circulación,2007,311666,No especificada
09,Ciudad de México,003,Coyoacán,6207048973,Vehículos de motor registrados en circulación,2008,310466,No especificada
09,Ciudad de México,003,Coyoacán,6207048973,Vehículos de motor registrados en circulación,2009,328307,No especificada
09,Ciudad de México,003,Coyoacán,6207048973,Vehículos de motor registrados en circulación,2010,332312,No especificada
09,Ciudad de México,003,Coyoacán,6207048973,Vehículos de motor registrados en circulación,2011,352109,No especificada
09,Ciudad de México,003,Coyoacán,6207048973,Vehículos de motor registrados en circulación,2012,372974,No especificada
09,Ciudad de México,003,Coyoacán,6207048973,Vehículos de motor registrados en circulación,2013,387853,No especificada
09,Ciudad de México,003,Coyoacán,6207048973,Vehículos de motor registrados en circulación,2014,405449,No especificada
09,Ciudad de México,003,Coyoacán,6207048973,Vehículos de motor registrados en circulación,2015,427559,No especificada
09,Ciudad de México,003,Coyoacán,6207048973,Vehículos de motor registrados en circulación,2016,447368,No especificada
09,Ciudad de México,003,Coyoacán,6207048973,Vehículos de motor registrados en circulación,2017,470741,No especificada
09,Ciudad de México,003,Coyoacán,6207048973,Vehículos de motor registrados en circulación,2018,498273,No especificada
09,Ciudad de México,003,Coyoacán,6207048973,Vehículos de motor registrados en circulación,2019,519820,No especificada
09,Ciudad de México,003,Coyoacán,6207048973,Vehículos de motor registrados en circulación,2020,521373,No especificada
09,Ciudad de México,003,Coyoacán,6207048973,Vehículos de motor registrados en circulación,2021,528707,No especificada
09,Ciudad de México,004,Cuajimalpa de Morelos,6207048973,Vehículos de motor registrados en circulación,1980,16354,No especificada
09,Ciudad de México,004,Cuajimalpa de Morelos,6207048973,Vehículos de motor registrados en circulación,1981,17466,No especificada
09,Ciudad de México,004,Cuajimalpa de Morelos,6207048973,Vehículos de motor registrados en circulación,1982,17161,No especificada
09,Ciudad de México,004,Cuajimalpa de Morelos,6207048973,Vehículos de motor registrados en circulación,1983,15470,No especificada
09,Ciudad de México,004,Cuajimalpa de Morelos,6207048973,Vehículos de motor registrados en circulación,1984,15666,No especificada
09,Ciudad de México,004,Cuajimalpa de Morelos,6207048973,Vehículos de motor registrados en circulación,1985,15995,No especificada
09,Ciudad de México,004,Cuajimalpa de Morelos,6207048973,Vehículos de motor registrados en circulación,1986,13247,No especificada
09,Ciudad de México,004,Cuajimalpa de Morelos,6207048973,Vehículos de motor registrados en circulación,1987,13913,No especificada
09,Ciudad de México,004,Cuajimalpa de Morelos,6207048973,Vehículos de motor registrados en circulación,1988,16322,No especificada
09,Ciudad de México,004,Cuajimalpa de Morelos,6207048973,Vehículos de motor registrados en circulación,1989,16976,No especificada
09,Ciudad de México,004,Cuajimalpa de Morelos,6207048973,Vehículos de motor registrados en circulación,1990,20689,No especificada
09,Ciudad de México,004,Cuajimalpa de Morelos,6207048973,Vehículos de motor registrados en circulación,1991,20396,No especificada
09,Ciudad de México,004,Cuajimalpa de Morelos,6207048973,Vehículos de motor registrados en circulación,1992,18905,No especificada
09,Ciudad de México,004,Cuajimalpa de Morelos,6207048973,Vehículos de motor registrados en circulación,1993,21467,No especificada
09,Ciudad de México,004,Cuajimalpa de Morelos,6207048973,Vehículos de motor registrados en circulación,1994,28143,No especificada
09,Ciudad de México,004,Cuajimalpa de Morelos,6207048973,Vehículos de motor registrados en circulación,1995,30046,No especificada
09,Ciudad de México,004,Cuajimalpa de Morelos,6207048973,Vehículos de motor registrados en circulación,1996,30519,No especificada
09,Ciudad de México,004,Cuajimalpa de Morelos,6207048973,Vehículos de motor registrados en circulación,1997,31015,No especificada
09,Ciudad de México,004,Cuajimalpa de Morelos,6207048973,Vehículos de motor registrados en circulación,1998,29869,No especificada
09,Ciudad de México,004,Cuajimalpa de Morelos,6207048973,Vehículos de motor registrados en circulación,1999,31759,No especificada
09,Ciudad de México,004,Cuajimalpa de Morelos,6207048973,Vehículos de motor registrados en circulación,2000,34007,No especificada
09,Ciudad de México,004,Cuajimalpa de Morelos,6207048973,Vehículos de motor registrados en circulación,2001,32686,No especificada
09,Ciudad de México,004,Cuajimalpa de Morelos,6207048973,Vehículos de motor registrados en circulación,2002,31554,No especificada
09,Ciudad de México,004,Cuajimalpa de Morelos,6207048973,Vehículos de motor registrados en circulación,2003,30679,No especificada
09,Ciudad de México,004,Cuajimalpa de Morelos,6207048973,Vehículos de motor registrados en circulación,2004,34794,No especificada
09,Ciudad de México,004,Cuajimalpa de Morelos,6207048973,Vehículos de motor registrados en circulación,2005,49258,No especificada
09,Ciudad de México,004,Cuajimalpa de Morelos,6207048973,Vehículos de motor registrados en circulación,2006,58537,No especificada
09,Ciudad de México,004,Cuajimalpa de Morelos,6207048973,Vehículos de motor registrados en circulación,2007,67631,No especificada
09,Ciudad de México,004,Cuajimalpa de Morelos,6207048973,Vehículos de motor registrados en circulación,2008,72068,No especificada
09,Ciudad de México,004,Cuajimalpa de Morelos,6207048973,Vehículos de motor registrados en circulación,2009,78202,No especificada
09,Ciudad de México,004,Cuajimalpa de Morelos,6207048973,Vehículos de motor registrados en circulación,2010,84118,No especificada
09,Ciudad de México,004,Cuajimalpa de Morelos,6207048973,Vehículos de motor registrados en circulación,2011,92378,No especificada
09,Ciudad de México,004,Cuajimalpa de Morelos,6207048973,Vehículos de motor registrados en circulación,2012,100997,No especificada
09,Ciudad de México,004,Cuajimalpa de Morelos,6207048973,Vehículos de motor registrados en circulación,2013,108280,No especificada
09,Ciudad de México,004,Cuajimalpa de Morelos,6207048973,Vehículos de motor registrados en circulación,2014,124797,No especificada
09,Ciudad de México,004,Cuajimalpa de Morelos,6207048973,Vehículos de motor registrados en circulación,2015,132844,No especificada
09,Ciudad de México,004,Cuajimalpa de Morelos,6207048973,Vehículos de motor registrados en circulación,2016,140075,No especificada
09,Ciudad de México,004,Cuajimalpa de Morelos,6207048973,Vehículos de motor registrados en circulación,2017,148209,No especificada
09,Ciudad de México,004,Cuajimalpa de Morelos,6207048973,Vehículos de motor registrados en circulación,2018,157039,No especificada
09,Ciudad de México,004,Cuajimalpa de Morelos,6207048973,Vehículos de motor registrados en circulación,2019,165511,No especificada
09,Ciudad de México,004,Cuajimalpa de Morelos,6207048973,Vehículos de motor registrados en circulación,2020,167074,No especificada
09,Ciudad de México,004,Cuajimalpa de Morelos,6207048973,Vehículos de motor registrados en circulación,2021,169121,No especificada
09,Ciudad de México,005,Gustavo A. Madero,6207048973,Vehículos de motor registrados en circulación,1980,227654,No especificada
09,Ciudad de México,005,Gustavo A. Madero,6207048973,Vehículos de motor registrados en circulación,1981,243102,No especificada
09,Ciudad de México,005,Gustavo A. Madero,6207048973,Vehículos de motor registrados en circulación,1982,239947,No especificada
09,Ciudad de México,005,Gustavo A. Madero,6207048973,Vehículos de motor registrados en circulación,1983,216576,No especificada
09,Ciudad de México,005,Gustavo A. Madero,6207048973,Vehículos de motor registrados en circulación,1984,219224,No especificada
09,Ciudad de México,005,Gustavo A. Madero,6207048973,Vehículos de motor registrados en circulación,1985,223980,No especificada
09,Ciudad de México,005,Gustavo A. Madero,6207048973,Vehículos de motor registrados en circulación,1986,185791,No especificada
09,Ciudad de México,005,Gustavo A. Madero,6207048973,Vehículos de motor registrados en circulación,1987,192203,No especificada
09,Ciudad de México,005,Gustavo A. Madero,6207048973,Vehículos de motor registrados en circulación,1988,207661,No especificada
09,Ciudad de México,005,Gustavo A. Madero,6207048973,Vehículos de motor registrados en circulación,1989,212122,No especificada
09,Ciudad de México,005,Gustavo A. Madero,6207048973,Vehículos de motor registrados en circulación,1990,241827,No especificada
09,Ciudad de México,005,Gustavo A. Madero,6207048973,Vehículos de motor registrados en circulación,1991,236581,No especificada
09,Ciudad de México,005,Gustavo A. Madero,6207048973,Vehículos de motor registrados en circulación,1992,289275,No especificada
09,Ciudad de México,005,Gustavo A. Madero,6207048973,Vehículos de motor registrados en circulación,1993,329522,No especificada
09,Ciudad de México,005,Gustavo A. Madero,6207048973,Vehículos de motor registrados en circulación,1994,243335,No especificada
09,Ciudad de México,005,Gustavo A. Madero,6207048973,Vehículos de motor registrados en circulación,1995,255702,No especificada
09,Ciudad de México,005,Gustavo A. Madero,6207048973,Vehículos de motor registrados en circulación,1996,248803,No especificada
09,Ciudad de México,005,Gustavo A. Madero,6207048973,Vehículos de motor registrados en circulación,1997,252345,No especificada
09,Ciudad de México,005,Gustavo A. Madero,6207048973,Vehículos de motor registrados en circulación,1998,302305,No especificada
09,Ciudad de México,005,Gustavo A. Madero,6207048973,Vehículos de motor registrados en circulación,1999,309166,No especificada
09,Ciudad de México,005,Gustavo A. Madero,6207048973,Vehículos de motor registrados en circulación,2000,301018,No especificada
09,Ciudad de México,005,Gustavo A. Madero,6207048973,Vehículos de motor registrados en circulación,2001,289963,No especificada
09,Ciudad de México,005,Gustavo A. Madero,6207048973,Vehículos de motor registrados en circulación,2002,280585,No especificada
09,Ciudad de México,005,Gustavo A. Madero,6207048973,Vehículos de motor registrados en circulación,2003,273375,No especificada
09,Ciudad de México,005,Gustavo A. Madero,6207048973,Vehículos de motor registrados en circulación,2004,309079,No especificada
09,Ciudad de México,005,Gustavo A. Madero,6207048973,Vehículos de motor registrados en circulación,2005,204519,No especificada
09,Ciudad de México,005,Gustavo A. Madero,6207048973,Vehículos de motor registrados en circulación,2006,253937,No especificada
09,Ciudad de México,005,Gustavo A. Madero,6207048973,Vehículos de motor registrados en circulación,2007,303027,No especificada
09,Ciudad de México,005,Gustavo A. Madero,6207048973,Vehículos de motor registrados en circulación,2008,315676,No especificada
09,Ciudad de México,005,Gustavo A. Madero,6207048973,Vehículos de motor registrados en circulación,2009,337430,No especificada
09,Ciudad de México,005,Gustavo A. Madero,6207048973,Vehículos de motor registrados en circulación,2010,350050,No especificada
09,Ciudad de México,005,Gustavo A. Madero,6207048973,Vehículos de motor registrados en circulación,2011,375696,No especificada
09,Ciudad de México,005,Gustavo A. Madero,6207048973,Vehículos de motor registrados en circulación,2012,398323,No especificada
09,Ciudad de México,005,Gustavo A. Madero,6207048973,Vehículos de motor registrados en circulación,2013,413704,No especificada
09,Ciudad de México,005,Gustavo A. Madero,6207048973,Vehículos de motor registrados en circulación,2014,499202,No especificada
09,Ciudad de México,005,Gustavo A. Madero,6207048973,Vehículos de motor registrados en circulación,2015,515535,No especificada
09,Ciudad de México,005,Gustavo A. Madero,6207048973,Vehículos de motor registrados en circulación,2016,533437,No especificada
09,Ciudad de México,005,Gustavo A. Madero,6207048973,Vehículos de motor registrados en circulación,2017,555547,No especificada
09,Ciudad de México,005,Gustavo A. Madero,6207048973,Vehículos de motor registrados en circulación,2018,588619,No especificada
09,Ciudad de México,005,Gustavo A. Madero,6207048973,Vehículos de motor registrados en circulación,2019,617181,No especificada
09,Ciudad de México,005,Gustavo A. Madero,6207048973,Vehículos de motor registrados en circulación,2020,624262,No especificada
09,Ciudad de México,005,Gustavo A. Madero,6207048973,Vehículos de motor registrados en circulación,2021,631806,No especificada
09,Ciudad de México,006,Iztacalco,6207048973,Vehículos de motor registrados en circulación,1980,92353,No especificada
09,Ciudad de México,006,Iztacalco,6207048973,Vehículos de motor registrados en circulación,1981,98620,No especificada
09,Ciudad de México,006,Iztacalco,6207048973,Vehículos de motor registrados en circulación,1982,97315,No especificada
09,Ciudad de México,006,Iztacalco,6207048973,Vehículos de motor registrados en circulación,1983,87774,No especificada
09,Ciudad de México,006,Iztacalco,6207048973,Vehículos de motor registrados en circulación,1984,88907,No especificada
09,Ciudad de México,006,Iztacalco,6207048973,Vehículos de motor registrados en circulación,1985,90829,No especificada
09,Ciudad de México,006,Iztacalco,6207048973,Vehículos de motor registrados en circulación,1986,75336,No especificada
09,Ciudad de México,006,Iztacalco,6207048973,Vehículos de motor registrados en circulación,1987,79244,No especificada
09,Ciudad de México,006,Iztacalco,6207048973,Vehículos de motor registrados en circulación,1988,86935,No especificada
09,Ciudad de México,006,Iztacalco,6207048973,Vehículos de motor registrados en circulación,1989,88726,No especificada
09,Ciudad de México,006,Iztacalco,6207048973,Vehículos de motor registrados en circulación,1990,102841,No especificada
09,Ciudad de México,006,Iztacalco,6207048973,Vehículos de motor registrados en circulación,1991,101470,No especificada
09,Ciudad de México,006,Iztacalco,6207048973,Vehículos de motor registrados en circulación,1992,135261,No especificada
09,Ciudad de México,006,Iztacalco,6207048973,Vehículos de motor registrados en circulación,1993,152899,No especificada
09,Ciudad de México,006,Iztacalco,6207048973,Vehículos de motor registrados en circulación,1994,102436,No especificada
09,Ciudad de México,006,Iztacalco,6207048973,Vehículos de motor registrados en circulación,1995,109451,No especificada
09,Ciudad de México,006,Iztacalco,6207048973,Vehículos de motor registrados en circulación,1996,106018,No especificada
09,Ciudad de México,006,Iztacalco,6207048973,Vehículos de motor registrados en circulación,1997,107449,No especificada
09,Ciudad de México,006,Iztacalco,6207048973,Vehículos de motor registrados en circulación,1998,127054,No especificada
09,Ciudad de México,006,Iztacalco,6207048973,Vehículos de motor registrados en circulación,1999,130820,No especificada
09,Ciudad de México,006,Iztacalco,6207048973,Vehículos de motor registrados en circulación,2000,127075,No especificada
09,Ciudad de México,006,Iztacalco,6207048973,Vehículos de motor registrados en circulación,2001,121796,No especificada
09,Ciudad de México,006,Iztacalco,6207048973,Vehículos de motor registrados en circulación,2002,117458,No especificada
09,Ciudad de México,006,Iztacalco,6207048973,Vehículos de motor registrados en circulación,2003,114347,No especificada
09,Ciudad de México,006,Iztacalco,6207048973,Vehículos de motor registrados en circulación,2004,128862,No especificada
09,Ciudad de México,006,Iztacalco,6207048973,Vehículos de motor registrados en circulación,2005,128384,No especificada
09,Ciudad de México,006,Iztacalco,6207048973,Vehículos de motor registrados en circulación,2006,144906,No especificada
09,Ciudad de México,006,Iztacalco,6207048973,Vehículos de motor registrados en circulación,2007,161097,No especificada
09,Ciudad de México,006,Iztacalco,6207048973,Vehículos de motor registrados en circulación,2008,162042,No especificada
09,Ciudad de México,006,Iztacalco,6207048973,Vehículos de motor registrados en circulación,2009,171017,No especificada
09,Ciudad de México,006,Iztacalco,6207048973,Vehículos de motor registrados en circulación,2010,169921,No especificada
09,Ciudad de México,006,Iztacalco,6207048973,Vehículos de motor registrados en circulación,2011,178851,No especificada
09,Ciudad de México,006,Iztacalco,6207048973,Vehículos de motor registrados en circulación,2012,187526,No especificada
09,Ciudad de México,006,Iztacalco,6207048973,Vehículos de motor registrados en circulación,2013,193779,No especificada
09,Ciudad de México,006,Iztacalco,6207048973,Vehículos de motor registrados en circulación,2014,213468,No especificada
09,Ciudad de México,006,Iztacalco,6207048973,Vehículos de motor registrados en circulación,2015,223148,No especificada
09,Ciudad de México,006,Iztacalco,6207048973,Vehículos de motor registrados en circulación,2016,231698,No especificada
09,Ciudad de México,006,Iztacalco,6207048973,Vehículos de motor registrados en circulación,2017,240701,No especificada
09,Ciudad de México,006,Iztacalco,6207048973,Vehículos de motor registrados en circulación,2018,253685,No especificada
09,Ciudad de México,006,Iztacalco,6207048973,Vehículos de motor registrados en circulación,2019,266136,No especificada
09,Ciudad de México,006,Iztacalco,6207048973,Vehículos de motor registrados en circulación,2020,269763,No especificada
09,Ciudad de México,006,Iztacalco,6207048973,Vehículos de motor registrados en circulación,2021,273161,No especificada
09,Ciudad de México,007,Iztapalapa,6207048973,Vehículos de motor registrados en circulación,1980,161830,No especificada
09,Ciudad de México,007,Iztapalapa,6207048973,Vehículos de motor registrados en circulación,1981,172816,No especificada
09,Ciudad de México,007,Iztapalapa,6207048973,Vehículos de motor registrados en circulación,1982,170027,No especificada
09,Ciudad de México,007,Iztapalapa,6207048973,Vehículos de motor registrados en circulación,1983,153431,No especificada
09,Ciudad de México,007,Iztapalapa,6207048973,Vehículos de motor registrados en circulación,1984,155265,No especificada
09,Ciudad de México,007,Iztapalapa,6207048973,Vehículos de motor registrados en circulación,1985,158528,No especificada
09,Ciudad de México,007,Iztapalapa,6207048973,Vehículos de motor registrados en circulación,1986,131361,No especificada
09,Ciudad de México,007,Iztapalapa,6207048973,Vehículos de motor registrados en circulación,1987,139471,No especificada
09,Ciudad de México,007,Iztapalapa,6207048973,Vehículos de motor registrados en circulación,1988,156516,No especificada
09,Ciudad de México,007,Iztapalapa,6207048973,Vehículos de motor registrados en circulación,1989,160113,No especificada
09,Ciudad de México,007,Iztapalapa,6207048973,Vehículos de motor registrados en circulación,1990,187994,No especificada
09,Ciudad de México,007,Iztapalapa,6207048973,Vehículos de motor registrados en circulación,1991,190485,No especificada
09,Ciudad de México,007,Iztapalapa,6207048973,Vehículos de motor registrados en circulación,1992,238408,No especificada
09,Ciudad de México,007,Iztapalapa,6207048973,Vehículos de motor registrados en circulación,1993,271209,No especificada
09,Ciudad de México,007,Iztapalapa,6207048973,Vehículos de motor registrados en circulación,1994,209702,No especificada
09,Ciudad de México,007,Iztapalapa,6207048973,Vehículos de motor registrados en circulación,1995,225369,No especificada
09,Ciudad de México,007,Iztapalapa,6207048973,Vehículos de motor registrados en circulación,1996,221073,No especificada
09,Ciudad de México,007,Iztapalapa,6207048973,Vehículos de motor registrados en circulación,1997,224250,No especificada
09,Ciudad de México,007,Iztapalapa,6207048973,Vehículos de motor registrados en circulación,1998,279671,No especificada
09,Ciudad de México,007,Iztapalapa,6207048973,Vehículos de motor registrados en circulación,1999,287919,No especificada
09,Ciudad de México,007,Iztapalapa,6207048973,Vehículos de motor registrados en circulación,2000,270516,No especificada
09,Ciudad de México,007,Iztapalapa,6207048973,Vehículos de motor registrados en circulación,2001,259530,No especificada
09,Ciudad de México,007,Iztapalapa,6207048973,Vehículos de motor registrados en circulación,2002,250302,No especificada
09,Ciudad de México,007,Iztapalapa,6207048973,Vehículos de motor registrados en circulación,2003,243294,No especificada
09,Ciudad de México,007,Iztapalapa,6207048973,Vehículos de motor registrados en circulación,2004,274560,No especificada
09,Ciudad de México,007,Iztapalapa,6207048973,Vehículos de motor registrados en circulación,2005,246099,No especificada
09,Ciudad de México,007,Iztapalapa,6207048973,Vehículos de motor registrados en circulación,2006,298076,No especificada
09,Ciudad de México,007,Iztapalapa,6207048973,Vehículos de motor registrados en circulación,2007,348871,No especificada
09,Ciudad de México,007,Iztapalapa,6207048973,Vehículos de motor registrados en circulación,2008,361278,No especificada
09,Ciudad de México,007,Iztapalapa,6207048973,Vehículos de motor registrados en circulación,2009,387122,No especificada
09,Ciudad de México,007,Iztapalapa,6207048973,Vehículos de motor registrados en circulación,2010,401469,No especificada
09,Ciudad de México,007,Iztapalapa,6207048973,Vehículos de motor registrados en circulación,2011,429965,No especificada
09,Ciudad de México,007,Iztapalapa,6207048973,Vehículos de motor registrados en circulación,2012,462299,No especificada
09,Ciudad de México,007,Iztapalapa,6207048973,Vehículos de motor registrados en circulación,2013,483955,No especificada
09,Ciudad de México,007,Iztapalapa,6207048973,Vehículos de motor registrados en circulación,2014,612259,No especificada
09,Ciudad de México,007,Iztapalapa,6207048973,Vehículos de motor registrados en circulación,2015,648410,No especificada
09,Ciudad de México,007,Iztapalapa,6207048973,Vehículos de motor registrados en circulación,2016,677353,No especificada
09,Ciudad de México,007,Iztapalapa,6207048973,Vehículos de motor registrados en circulación,2017,717188,No especificada
09,Ciudad de México,007,Iztapalapa,6207048973,Vehículos de motor registrados en circulación,2018,773593,No especificada
09,Ciudad de México,007,Iztapalapa,6207048973,Vehículos de motor registrados en circulación,2019,818332,No especificada
09,Ciudad de México,007,Iztapalapa,6207048973,Vehículos de motor registrados en circulación,2020,829582,No especificada
09,Ciudad de México,007,Iztapalapa,6207048973,Vehículos de motor registrados en circulación,2021,842452,No especificada
09,Ciudad de México,008,La Magdalena Contreras,6207048973,Vehículos de motor registrados en circulación,1980,32646,No especificada
09,Ciudad de México,008,La Magdalena Contreras,6207048973,Vehículos de motor registrados en circulación,1981,34863,No especificada
09,Ciudad de México,008,La Magdalena Contreras,6207048973,Vehículos de motor registrados en circulación,1982,34278,No especificada
09,Ciudad de México,008,La Magdalena Contreras,6207048973,Vehículos de motor registrados en circulación,1983,30901,No especificada
09,Ciudad de México,008,La Magdalena Contreras,6207048973,Vehículos de motor registrados en circulación,1984,31302,No especificada
09,Ciudad de México,008,La Magdalena Contreras,6207048973,Vehículos de motor registrados en circulación,1985,31954,No especificada
09,Ciudad de México,008,La Magdalena Contreras,6207048973,Vehículos de motor registrados en circulación,1986,26472,No especificada
09,Ciudad de México,008,La Magdalena Contreras,6207048973,Vehículos de motor registrados en circulación,1987,26388,No especificada
09,Ciudad de México,008,La Magdalena Contreras,6207048973,Vehículos de motor registrados en circulación,1988,27856,No especificada
09,Ciudad de México,008,La Magdalena Contreras,6207048973,Vehículos de motor registrados en circulación,1989,28792,No especificada
09,Ciudad de México,008,La Magdalena Contreras,6207048973,Vehículos de motor registrados en circulación,1990,33367,No especificada
09,Ciudad de México,008,La Magdalena Contreras,6207048973,Vehículos de motor registrados en circulación,1991,31617,No especificada
09,Ciudad de México,008,La Magdalena Contreras,6207048973,Vehículos de motor registrados en circulación,1992,37593,No especificada
09,Ciudad de México,008,La Magdalena Contreras,6207048973,Vehículos de motor registrados en circulación,1993,42952,No especificada
09,Ciudad de México,008,La Magdalena Contreras,6207048973,Vehículos de motor registrados en circulación,1994,39460,No especificada
09,Ciudad de México,008,La Magdalena Contreras,6207048973,Vehículos de motor registrados en circulación,1995,41171,No especificada
09,Ciudad de México,008,La Magdalena Contreras,6207048973,Vehículos de motor registrados en circulación,1996,39987,No especificada
09,Ciudad de México,008,La Magdalena Contreras,6207048973,Vehículos de motor registrados en circulación,1997,40553,No especificada
09,Ciudad de México,008,La Magdalena Contreras,6207048973,Vehículos de motor registrados en circulación,1998,48471,No especificada
09,Ciudad de México,008,La Magdalena Contreras,6207048973,Vehículos de motor registrados en circulación,1999,50263,No especificada
09,Ciudad de México,008,La Magdalena Contreras,6207048973,Vehículos de motor registrados en circulación,2000,48733,No especificada
09,Ciudad de México,008,La Magdalena Contreras,6207048973,Vehículos de motor registrados en circulación,2001,46975,No especificada
09,Ciudad de México,008,La Magdalena Contreras,6207048973,Vehículos de motor registrados en circulación,2002,45454,No especificada
09,Ciudad de México,008,La Magdalena Contreras,6207048973,Vehículos de motor registrados en circulación,2003,44265,No especificada
09,Ciudad de México,008,La Magdalena Contreras,6207048973,Vehículos de motor registrados en circulación,2004,50236,No especificada
09,Ciudad de México,008,La Magdalena Contreras,6207048973,Vehículos de motor registrados en circulación,2005,59427,No especificada
09,Ciudad de México,008,La Magdalena Contreras,6207048973,Vehículos de motor registrados en circulación,2006,65398,No especificada
09,Ciudad de México,008,La Magdalena Contreras,6207048973,Vehículos de motor registrados en circulación,2007,70320,No especificada
09,Ciudad de México,008,La Magdalena Contreras,6207048973,Vehículos de motor registrados en circulación,2008,69929,No especificada
09,Ciudad de México,008,La Magdalena Contreras,6207048973,Vehículos de motor registrados en circulación,2009,73979,No especificada
09,Ciudad de México,008,La Magdalena Contreras,6207048973,Vehículos de motor registrados en circulación,2010,76927,No especificada
09,Ciudad de México,008,La Magdalena Contreras,6207048973,Vehículos de motor registrados en circulación,2011,82117,No especificada
09,Ciudad de México,008,La Magdalena Contreras,6207048973,Vehículos de motor registrados en circulación,2012,88459,No especificada
09,Ciudad de México,008,La Magdalena Contreras,6207048973,Vehículos de motor registrados en circulación,2013,92441,No especificada
09,Ciudad de México,008,La Magdalena Contreras,6207048973,Vehículos de motor registrados en circulación,2014,111218,No especificada
09,Ciudad de México,008,La Magdalena Contreras,6207048973,Vehículos de motor registrados en circulación,2015,117270,No especificada
09,Ciudad de México,008,La Magdalena Contreras,6207048973,Vehículos de motor registrados en circulación,2016,122143,No especificada
09,Ciudad de México,008,La Magdalena Contreras,6207048973,Vehículos de motor registrados en circulación,2017,127428,No especificada
09,Ciudad de México,008,La Magdalena Contreras,6207048973,Vehículos de motor registrados en circulación,2018,133052,No especificada
09,Ciudad de México,008,La Magdalena Contreras,6207048973,Vehículos de motor registrados en circulación,2019,138884,No especificada
09,Ciudad de México,008,La Magdalena Contreras,6207048973,Vehículos de motor registrados en circulación,2020,140441,No especificada
09,Ciudad de México,008,La Magdalena Contreras,6207048973,Vehículos de motor registrados en circulación,2021,142776,No especificada
09,Ciudad de México,009,Milpa Alta,6207048973,Vehículos de motor registrados en circulación,1980,5355,No especificada
09,Ciudad de México,009,Milpa Alta,6207048973,Vehículos de motor registrados en circulación,1981,5719,No especificada
09,Ciudad de México,009,Milpa Alta,6207048973,Vehículos de motor registrados en circulación,1982,5657,No especificada
09,Ciudad de México,009,Milpa Alta,6207048973,Vehículos de motor registrados en circulación,1983,5103,No especificada
09,Ciudad de México,009,Milpa Alta,6207048973,Vehículos de motor registrados en circulación,1984,5169,No especificada
09,Ciudad de México,009,Milpa Alta,6207048973,Vehículos de motor registrados en circulación,1985,5282,No especificada
09,Ciudad de México,009,Milpa Alta,6207048973,Vehículos de motor registrados en circulación,1986,4386,No especificada
09,Ciudad de México,009,Milpa Alta,6207048973,Vehículos de motor registrados en circulación,1987,4848,No especificada
09,Ciudad de México,009,Milpa Alta,6207048973,Vehículos de motor registrados en circulación,1988,5542,No especificada
09,Ciudad de México,009,Milpa Alta,6207048973,Vehículos de motor registrados en circulación,1989,5696,No especificada
09,Ciudad de México,009,Milpa Alta,6207048973,Vehículos de motor registrados en circulación,1990,6885,No especificada
09,Ciudad de México,009,Milpa Alta,6207048973,Vehículos de motor registrados en circulación,1991,6977,No especificada
09,Ciudad de México,009,Milpa Alta,6207048973,Vehículos de motor registrados en circulación,1992,11154,No especificada
09,Ciudad de México,009,Milpa Alta,6207048973,Vehículos de motor registrados en circulación,1993,12523,No especificada
09,Ciudad de México,009,Milpa Alta,6207048973,Vehículos de motor registrados en circulación,1994,8615,No especificada
09,Ciudad de México,009,Milpa Alta,6207048973,Vehículos de motor registrados en circulación,1995,9085,No especificada
09,Ciudad de México,009,Milpa Alta,6207048973,Vehículos de motor registrados en circulación,1996,8916,No especificada
09,Ciudad de México,009,Milpa Alta,6207048973,Vehículos de motor registrados en circulación,1997,8978,No especificada
09,Ciudad de México,009,Milpa Alta,6207048973,Vehículos de motor registrados en circulación,1998,9967,No especificada
09,Ciudad de México,009,Milpa Alta,6207048973,Vehículos de motor registrados en circulación,1999,10133,No especificada
09,Ciudad de México,009,Milpa Alta,6207048973,Vehículos de motor registrados en circulación,2000,10249,No especificada
09,Ciudad de México,009,Milpa Alta,6207048973,Vehículos de motor registrados en circulación,2001,9711,No especificada
09,Ciudad de México,009,Milpa Alta,6207048973,Vehículos de motor registrados en circulación,2002,9260,No especificada
09,Ciudad de México,009,Milpa Alta,6207048973,Vehículos de motor registrados en circulación,2003,8890,No especificada
09,Ciudad de México,009,Milpa Alta,6207048973,Vehículos de motor registrados en circulación,2004,10043,No especificada
09,Ciudad de México,009,Milpa Alta,6207048973,Vehículos de motor registrados en circulación,2005,14110,No especificada
09,Ciudad de México,009,Milpa Alta,6207048973,Vehículos de motor registrados en circulación,2006,15582,No especificada
09,Ciudad de México,009,Milpa Alta,6207048973,Vehículos de motor registrados en circulación,2007,16738,No especificada
09,Ciudad de México,009,Milpa Alta,6207048973,Vehículos de motor registrados en circulación,2008,16641,No especificada
09,Ciudad de México,009,Milpa Alta,6207048973,Vehículos de motor registrados en circulación,2009,17505,No especificada
09,Ciudad de México,009,Milpa Alta,6207048973,Vehículos de motor registrados en circulación,2010,18630,No especificada
09,Ciudad de México,009,Milpa Alta,6207048973,Vehículos de motor registrados en circulación,2011,19756,No especificada
09,Ciudad de México,009,Milpa Alta,6207048973,Vehículos de motor registrados en circulación,2012,21158,No especificada
09,Ciudad de México,009,Milpa Alta,6207048973,Vehículos de motor registrados en circulación,2013,22198,No especificada
09,Ciudad de México,009,Milpa Alta,6207048973,Vehículos de motor registrados en circulación,2014,47431,No especificada
09,Ciudad de México,009,Milpa Alta,6207048973,Vehículos de motor registrados en circulación,2015,49452,No especificada
09,Ciudad de México,009,Milpa Alta,6207048973,Vehículos de motor registrados en circulación,2016,50963,No especificada
09,Ciudad de México,009,Milpa Alta,6207048973,Vehículos de motor registrados en circulación,2017,52807,No especificada
09,Ciudad de México,009,Milpa Alta,6207048973,Vehículos de motor registrados en circulación,2018,55756,No especificada
09,Ciudad de México,009,Milpa Alta,6207048973,Vehículos de motor registrados en circulación,2019,58273,No especificada
09,Ciudad de México,009,Milpa Alta,6207048973,Vehículos de motor registrados en circulación,2020,58956,No especificada
09,Ciudad de México,009,Milpa Alta,6207048973,Vehículos de motor registrados en circulación,2021,59839,No especificada
09,Ciudad de México,010,Álvaro Obregón,6207048973,Vehículos de motor registrados en circulación,1980,141715,No especificada
09,Ciudad de México,010,Álvaro Obregón,6207048973,Vehículos de motor registrados en circulación,1981,151337,No especificada
09,Ciudad de México,010,Álvaro Obregón,6207048973,Vehículos de motor registrados en circulación,1982,148850,No especificada
09,Ciudad de México,010,Álvaro Obregón,6207048973,Vehículos de motor registrados en circulación,1983,134191,No especificada
09,Ciudad de México,010,Álvaro Obregón,6207048973,Vehículos de motor registrados en circulación,1984,135920,No especificada
09,Ciudad de México,010,Álvaro Obregón,6207048973,Vehículos de motor registrados en circulación,1985,138767,No especificada
09,Ciudad de México,010,Álvaro Obregón,6207048973,Vehículos de motor registrados en circulación,1986,114978,No especificada
09,Ciudad de México,010,Álvaro Obregón,6207048973,Vehículos de motor registrados en circulación,1987,114163,No especificada
09,Ciudad de México,010,Álvaro Obregón,6207048973,Vehículos de motor registrados en circulación,1988,123750,No especificada
09,Ciudad de México,010,Álvaro Obregón,6207048973,Vehículos de motor registrados en circulación,1989,126672,No especificada
09,Ciudad de México,010,Álvaro Obregón,6207048973,Vehículos de motor registrados en circulación,1990,146201,No especificada
09,Ciudad de México,010,Álvaro Obregón,6207048973,Vehículos de motor registrados en circulación,1991,145533,No especificada
09,Ciudad de México,010,Álvaro Obregón,6207048973,Vehículos de motor registrados en circulación,1992,188526,No especificada
09,Ciudad de México,010,Álvaro Obregón,6207048973,Vehículos de motor registrados en circulación,1993,214606,No especificada
09,Ciudad de México,010,Álvaro Obregón,6207048973,Vehículos de motor registrados en circulación,1994,156665,No especificada
09,Ciudad de México,010,Álvaro Obregón,6207048973,Vehículos de motor registrados en circulación,1995,166257,No especificada
09,Ciudad de México,010,Álvaro Obregón,6207048973,Vehículos de motor registrados en circulación,1996,161219,No especificada
09,Ciudad de México,010,Álvaro Obregón,6207048973,Vehículos de motor registrados en circulación,1997,164107,No especificada
09,Ciudad de México,010,Álvaro Obregón,6207048973,Vehículos de motor registrados en circulación,1998,193564,No especificada
09,Ciudad de México,010,Álvaro Obregón,6207048973,Vehículos de motor registrados en circulación,1999,201209,No especificada
09,Ciudad de México,010,Álvaro Obregón,6207048973,Vehículos de motor registrados en circulación,2000,195213,No especificada
09,Ciudad de México,010,Álvaro Obregón,6207048973,Vehículos de motor registrados en circulación,2001,187666,No especificada
09,Ciudad de México,010,Álvaro Obregón,6207048973,Vehículos de motor registrados en circulación,2002,181248,No especificada
09,Ciudad de México,010,Álvaro Obregón,6207048973,Vehículos de motor registrados en circulación,2003,176328,No especificada
09,Ciudad de México,010,Álvaro Obregón,6207048973,Vehículos de motor registrados en circulación,2004,199855,No especificada
09,Ciudad de México,010,Álvaro Obregón,6207048973,Vehículos de motor registrados en circulación,2005,130558,No especificada
09,Ciudad de México,010,Álvaro Obregón,6207048973,Vehículos de motor registrados en circulación,2006,162010,No especificada
09,Ciudad de México,010,Álvaro Obregón,6207048973,Vehículos de motor registrados en circulación,2007,189430,No especificada
09,Ciudad de México,010,Álvaro Obregón,6207048973,Vehículos de motor registrados en circulación,2008,200810,No especificada
09,Ciudad de México,010,Álvaro Obregón,6207048973,Vehículos de motor registrados en circulación,2009,219018,No especificada
09,Ciudad de México,010,Álvaro Obregón,6207048973,Vehículos de motor registrados en circulación,2010,228738,No especificada
09,Ciudad de México,010,Álvaro Obregón,6207048973,Vehículos de motor registrados en circulación,2011,248861,No especificada
09,Ciudad de México,010,Álvaro Obregón,6207048973,Vehículos de motor registrados en circulación,2012,271756,No especificada
09,Ciudad de México,010,Álvaro Obregón,6207048973,Vehículos de motor registrados en circulación,2013,290993,No especificada
09,Ciudad de México,010,Álvaro Obregón,6207048973,Vehículos de motor registrados en circulación,2014,337999,No especificada
09,Ciudad de México,010,Álvaro Obregón,6207048973,Vehículos de motor registrados en circulación,2015,363818,No especificada
09,Ciudad de México,010,Álvaro Obregón,6207048973,Vehículos de motor registrados en circulación,2016,386264,No especificada
09,Ciudad de México,010,Álvaro Obregón,6207048973,Vehículos de motor registrados en circulación,2017,408239,No especificada
09,Ciudad de México,010,Álvaro Obregón,6207048973,Vehículos de motor registrados en circulación,2018,434976,No especificada
09,Ciudad de México,010,Álvaro Obregón,6207048973,Vehículos de motor registrados en circulación,2019,458792,No especificada
09,Ciudad de México,010,Álvaro Obregón,6207048973,Vehículos de motor registrados en circulación,2020,463614,No especificada
09,Ciudad de México,010,Álvaro Obregón,6207048973,Vehículos de motor registrados en circulación,2021,474962,No especificada
09,Ciudad de México,011,Tláhuac,6207048973,Vehículos de motor registrados en circulación,1980,14982,No especificada
09,Ciudad de México,011,Tláhuac,6207048973,Vehículos de motor registrados en circulación,1981,15999,No especificada
09,Ciudad de México,011,Tláhuac,6207048973,Vehículos de motor registrados en circulación,1982,15598,No especificada
09,Ciudad de México,011,Tláhuac,6207048973,Vehículos de motor registrados en circulación,1983,14045,No especificada
09,Ciudad de México,011,Tláhuac,6207048973,Vehículos de motor registrados en circulación,1984,14222,No especificada
09,Ciudad de México,011,Tláhuac,6207048973,Vehículos de motor registrados en circulación,1985,14493,No especificada
09,Ciudad de México,011,Tláhuac,6207048973,Vehículos de motor registrados en circulación,1986,11973,No especificada
09,Ciudad de México,011,Tláhuac,6207048973,Vehículos de motor registrados en circulación,1987,13579,No especificada
09,Ciudad de México,011,Tláhuac,6207048973,Vehículos de motor registrados en circulación,1988,15854,No especificada
09,Ciudad de México,011,Tláhuac,6207048973,Vehículos de motor registrados en circulación,1989,16332,No especificada
09,Ciudad de México,011,Tláhuac,6207048973,Vehículos de motor registrados en circulación,1990,19504,No especificada
09,Ciudad de México,011,Tláhuac,6207048973,Vehículos de motor registrados en circulación,1991,19952,No especificada
09,Ciudad de México,011,Tláhuac,6207048973,Vehículos de motor registrados en circulación,1992,23633,No especificada
09,Ciudad de México,011,Tláhuac,6207048973,Vehículos de motor registrados en circulación,1993,26791,No especificada
09,Ciudad de México,011,Tláhuac,6207048973,Vehículos de motor registrados en circulación,1994,23829,No especificada
09,Ciudad de México,011,Tláhuac,6207048973,Vehículos de motor registrados en circulación,1995,25300,No especificada
09,Ciudad de México,011,Tláhuac,6207048973,Vehículos de motor registrados en circulación,1996,24485,No especificada
09,Ciudad de México,011,Tláhuac,6207048973,Vehículos de motor registrados en circulación,1997,24905,No especificada
09,Ciudad de México,011,Tláhuac,6207048973,Vehículos de motor registrados en circulación,1998,30731,No especificada
09,Ciudad de México,011,Tláhuac,6207048973,Vehículos de motor registrados en circulación,1999,31774,No especificada
09,Ciudad de México,011,Tláhuac,6207048973,Vehículos de motor registrados en circulación,2000,30062,No especificada
09,Ciudad de México,011,Tláhuac,6207048973,Vehículos de motor registrados en circulación,2001,28848,No especificada
09,Ciudad de México,011,Tláhuac,6207048973,Vehículos de motor registrados en circulación,2002,27822,No especificada
09,Ciudad de México,011,Tláhuac,6207048973,Vehículos de motor registrados en circulación,2003,27024,No especificada
09,Ciudad de México,011,Tláhuac,6207048973,Vehículos de motor registrados en circulación,2004,30489,No especificada
09,Ciudad de México,011,Tláhuac,6207048973,Vehículos de motor registrados en circulación,2005,51702,No especificada
09,Ciudad de México,011,Tláhuac,6207048973,Vehículos de motor registrados en circulación,2006,58193,No especificada
09,Ciudad de México,011,Tláhuac,6207048973,Vehículos de motor registrados en circulación,2007,64584,No especificada
09,Ciudad de México,011,Tláhuac,6207048973,Vehículos de motor registrados en circulación,2008,65151,No especificada
09,Ciudad de México,011,Tláhuac,6207048973,Vehículos de motor registrados en circulación,2009,68806,No especificada
09,Ciudad de México,011,Tláhuac,6207048973,Vehículos de motor registrados en circulación,2010,71593,No especificada
09,Ciudad de México,011,Tláhuac,6207048973,Vehículos de motor registrados en circulación,2011,75888,No especificada
09,Ciudad de México,011,Tláhuac,6207048973,Vehículos de motor registrados en circulación,2012,81628,No especificada
09,Ciudad de México,011,Tláhuac,6207048973,Vehículos de motor registrados en circulación,2013,85801,No especificada
09,Ciudad de México,011,Tláhuac,6207048973,Vehículos de motor registrados en circulación,2014,106700,No especificada
09,Ciudad de México,011,Tláhuac,6207048973,Vehículos de motor registrados en circulación,2015,113311,No especificada
09,Ciudad de México,011,Tláhuac,6207048973,Vehículos de motor registrados en circulación,2016,118571,No especificada
09,Ciudad de México,011,Tláhuac,6207048973,Vehículos de motor registrados en circulación,2017,125912,No especificada
09,Ciudad de México,011,Tláhuac,6207048973,Vehículos de motor registrados en circulación,2018,135607,No especificada
09,Ciudad de México,011,Tláhuac,6207048973,Vehículos de motor registrados en circulación,2019,144753,No especificada
09,Ciudad de México,011,Tláhuac,6207048973,Vehículos de motor registrados en circulación,2020,147473,No especificada
09,Ciudad de México,011,Tláhuac,6207048973,Vehículos de motor registrados en circulación,2021,150700,No especificada
09,Ciudad de México,012,Tlalpan,6207048973,Vehículos de motor registrados en circulación,1980,87777,No especificada
09,Ciudad de México,012,Tlalpan,6207048973,Vehículos de motor registrados en circulación,1981,93730,No especificada
09,Ciudad de México,012,Tlalpan,6207048973,Vehículos de motor registrados en circulación,1982,92753,No especificada
09,Ciudad de México,012,Tlalpan,6207048973,Vehículos de motor registrados en circulación,1983,83696,No especificada
09,Ciudad de México,012,Tlalpan,6207048973,Vehículos de motor registrados en circulación,1984,84776,No especificada
09,Ciudad de México,012,Tlalpan,6207048973,Vehículos de motor registrados en circulación,1985,86662,No especificada
09,Ciudad de México,012,Tlalpan,6207048973,Vehículos de motor registrados en circulación,1986,71947,No especificada
09,Ciudad de México,012,Tlalpan,6207048973,Vehículos de motor registrados en circulación,1987,72000,No especificada
09,Ciudad de México,012,Tlalpan,6207048973,Vehículos de motor registrados en circulación,1988,81487,No especificada
09,Ciudad de México,012,Tlalpan,6207048973,Vehículos de motor registrados en circulación,1989,82958,No especificada
09,Ciudad de México,012,Tlalpan,6207048973,Vehículos de motor registrados en circulación,1990,96661,No especificada
09,Ciudad de México,012,Tlalpan,6207048973,Vehículos de motor registrados en circulación,1991,96973,No especificada
09,Ciudad de México,012,Tlalpan,6207048973,Vehículos de motor registrados en circulación,1992,101708,No especificada
09,Ciudad de México,012,Tlalpan,6207048973,Vehículos de motor registrados en circulación,1993,114978,No especificada
09,Ciudad de México,012,Tlalpan,6207048973,Vehículos de motor registrados en circulación,1994,114104,No especificada
09,Ciudad de México,012,Tlalpan,6207048973,Vehículos de motor registrados en circulación,1995,123456,No especificada
09,Ciudad de México,012,Tlalpan,6207048973,Vehículos de motor registrados en circulación,1996,120229,No especificada
09,Ciudad de México,012,Tlalpan,6207048973,Vehículos de motor registrados en circulación,1997,122484,No especificada
09,Ciudad de México,012,Tlalpan,6207048973,Vehículos de motor registrados en circulación,1998,155313,No especificada
09,Ciudad de México,012,Tlalpan,6207048973,Vehículos de motor registrados en circulación,1999,162095,No especificada
09,Ciudad de México,012,Tlalpan,6207048973,Vehículos de motor registrados en circulación,2000,150121,No especificada
09,Ciudad de México,012,Tlalpan,6207048973,Vehículos de motor registrados en circulación,2001,144376,No especificada
09,Ciudad de México,012,Tlalpan,6207048973,Vehículos de motor registrados en circulación,2002,139461,No especificada
09,Ciudad de México,012,Tlalpan,6207048973,Vehículos de motor registrados en circulación,2003,135641,No especificada
09,Ciudad de México,012,Tlalpan,6207048973,Vehículos de motor registrados en circulación,2004,153889,No especificada
09,Ciudad de México,012,Tlalpan,6207048973,Vehículos de motor registrados en circulación,2005,189962,No especificada
09,Ciudad de México,012,Tlalpan,6207048973,Vehículos de motor registrados en circulación,2006,210895,No especificada
09,Ciudad de México,012,Tlalpan,6207048973,Vehículos de motor registrados en circulación,2007,228943,No especificada
09,Ciudad de México,012,Tlalpan,6207048973,Vehículos de motor registrados en circulación,2008,229682,No especificada
09,Ciudad de México,012,Tlalpan,6207048973,Vehículos de motor registrados en circulación,2009,244572,No especificada
09,Ciudad de México,012,Tlalpan,6207048973,Vehículos de motor registrados en circulación,2010,253429,No especificada
09,Ciudad de México,012,Tlalpan,6207048973,Vehículos de motor registrados en circulación,2011,272628,No especificada
09,Ciudad de México,012,Tlalpan,6207048973,Vehículos de motor registrados en circulación,2012,291824,No especificada
09,Ciudad de México,012,Tlalpan,6207048973,Vehículos de motor registrados en circulación,2013,305651,No especificada
09,Ciudad de México,012,Tlalpan,6207048973,Vehículos de motor registrados en circulación,2014,339880,No especificada
09,Ciudad de México,012,Tlalpan,6207048973,Vehículos de motor registrados en circulación,2015,357839,No especificada
09,Ciudad de México,012,Tlalpan,6207048973,Vehículos de motor registrados en circulación,2016,373299,No especificada
09,Ciudad de México,012,Tlalpan,6207048973,Vehículos de motor registrados en circulación,2017,388746,No especificada
09,Ciudad de México,012,Tlalpan,6207048973,Vehículos de motor registrados en circulación,2018,405755,No especificada
09,Ciudad de México,012,Tlalpan,6207048973,Vehículos de motor registrados en circulación,2019,421955,No especificada
09,Ciudad de México,012,Tlalpan,6207048973,Vehículos de motor registrados en circulación,2020,426572,No especificada
09,Ciudad de México,012,Tlalpan,6207048973,Vehículos de motor registrados en circulación,2021,433705,No especificada
09,Ciudad de México,013,Xochimilco,6207048973,Vehículos de motor registrados en circulación,1980,32586,No especificada
09,Ciudad de México,013,Xochimilco,6207048973,Vehículos de motor registrados en circulación,1981,34797,No especificada
09,Ciudad de México,013,Xochimilco,6207048973,Vehículos de motor registrados en circulación,1982,34236,No especificada
09,Ciudad de México,013,Xochimilco,6207048973,Vehículos de motor registrados en circulación,1983,30868,No especificada
09,Ciudad de México,013,Xochimilco,6207048973,Vehículos de motor registrados en circulación,1984,31268,No especificada
09,Ciudad de México,013,Xochimilco,6207048973,Vehículos de motor registrados en circulación,1985,31927,No especificada
09,Ciudad de México,013,Xochimilco,6207048973,Vehículos de motor registrados en circulación,1986,26455,No especificada
09,Ciudad de México,013,Xochimilco,6207048973,Vehículos de motor registrados en circulación,1987,28342,No especificada
09,Ciudad de México,013,Xochimilco,6207048973,Vehículos de motor registrados en circulación,1988,32155,No especificada
09,Ciudad de México,013,Xochimilco,6207048973,Vehículos de motor registrados en circulación,1989,32584,No especificada
09,Ciudad de México,013,Xochimilco,6207048973,Vehículos de motor registrados en circulación,1990,38418,No especificada
09,Ciudad de México,013,Xochimilco,6207048973,Vehículos de motor registrados en circulación,1991,39798,No especificada
09,Ciudad de México,013,Xochimilco,6207048973,Vehículos de motor registrados en circulación,1992,49672,No especificada
09,Ciudad de México,013,Xochimilco,6207048973,Vehículos de motor registrados en circulación,1993,54978,No especificada
09,Ciudad de México,013,Xochimilco,6207048973,Vehículos de motor registrados en circulación,1994,46064,No especificada
09,Ciudad de México,013,Xochimilco,6207048973,Vehículos de motor registrados en circulación,1995,48552,No especificada
09,Ciudad de México,013,Xochimilco,6207048973,Vehículos de motor registrados en circulación,1996,46837,No especificada
09,Ciudad de México,013,Xochimilco,6207048973,Vehículos de motor registrados en circulación,1997,47508,No especificada
09,Ciudad de México,013,Xochimilco,6207048973,Vehículos de motor registrados en circulación,1998,59087,No especificada
09,Ciudad de México,013,Xochimilco,6207048973,Vehículos de motor registrados en circulación,1999,61640,No especificada
09,Ciudad de México,013,Xochimilco,6207048973,Vehículos de motor registrados en circulación,2000,57745,No especificada
09,Ciudad de México,013,Xochimilco,6207048973,Vehículos de motor registrados en circulación,2001,55531,No especificada
09,Ciudad de México,013,Xochimilco,6207048973,Vehículos de motor registrados en circulación,2002,53643,No especificada
09,Ciudad de México,013,Xochimilco,6207048973,Vehículos de motor registrados en circulación,2003,52172,No especificada
09,Ciudad de México,013,Xochimilco,6207048973,Vehículos de motor registrados en circulación,2004,58941,No especificada
09,Ciudad de México,013,Xochimilco,6207048973,Vehículos de motor registrados en circulación,2005,82529,No especificada
09,Ciudad de México,013,Xochimilco,6207048973,Vehículos de motor registrados en circulación,2006,91324,No especificada
09,Ciudad de México,013,Xochimilco,6207048973,Vehículos de motor registrados en circulación,2007,98583,No especificada
09,Ciudad de México,013,Xochimilco,6207048973,Vehículos de motor registrados en circulación,2008,97747,No especificada
09,Ciudad de México,013,Xochimilco,6207048973,Vehículos de motor registrados en circulación,2009,103075,No especificada
09,Ciudad de México,013,Xochimilco,6207048973,Vehículos de motor registrados en circulación,2010,108501,No especificada
09,Ciudad de México,013,Xochimilco,6207048973,Vehículos de motor registrados en circulación,2011,112276,No especificada
09,Ciudad de México,013,Xochimilco,6207048973,Vehículos de motor registrados en circulación,2012,121806,No especificada
09,Ciudad de México,013,Xochimilco,6207048973,Vehículos de motor registrados en circulación,2013,128362,No especificada
09,Ciudad de México,013,Xochimilco,6207048973,Vehículos de motor registrados en circulación,2014,150171,No especificada
09,Ciudad de México,013,Xochimilco,6207048973,Vehículos de motor registrados en circulación,2015,158703,No especificada
09,Ciudad de México,013,Xochimilco,6207048973,Vehículos de motor registrados en circulación,2016,166354,No especificada
09,Ciudad de México,013,Xochimilco,6207048973,Vehículos de motor registrados en circulación,2017,175195,No especificada
09,Ciudad de México,013,Xochimilco,6207048973,Vehículos de motor registrados en circulación,2018,184750,No especificada
09,Ciudad de México,013,Xochimilco,6207048973,Vehículos de motor registrados en circulación,2019,194600,No especificada
09,Ciudad de México,013,Xochimilco,6207048973,Vehículos de motor registrados en circulación,2020,197363,No especificada
09,Ciudad de México,013,Xochimilco,6207048973,Vehículos de motor registrados en circulación,2021,202354,No especificada
09,Ciudad de México,014,Benito Juárez,6207048973,Vehículos de motor registrados en circulación,1980,228953,No especificada
09,Ciudad de México,014,Benito Juárez,6207048973,Vehículos de motor registrados en circulación,1981,244498,No especificada
09,Ciudad de México,014,Benito Juárez,6207048973,Vehículos de motor registrados en circulación,1982,240526,No especificada
09,Ciudad de México,014,Benito Juárez,6207048973,Vehículos de motor registrados en circulación,1983,216985,No especificada
09,Ciudad de México,014,Benito Juárez,6207048973,Vehículos de motor registrados en circulación,1984,219640,No especificada
09,Ciudad de México,014,Benito Juárez,6207048973,Vehículos de motor registrados en circulación,1985,224247,No especificada
09,Ciudad de México,014,Benito Juárez,6207048973,Vehículos de motor registrados en circulación,1986,185814,No especificada
09,Ciudad de México,014,Benito Juárez,6207048973,Vehículos de motor registrados en circulación,1987,179429,No especificada
09,Ciudad de México,014,Benito Juárez,6207048973,Vehículos de motor registrados en circulación,1988,187128,No especificada
09,Ciudad de México,014,Benito Juárez,6207048973,Vehículos de motor registrados en circulación,1989,190474,No especificada
09,Ciudad de México,014,Benito Juárez,6207048973,Vehículos de motor registrados en circulación,1990,218557,No especificada
09,Ciudad de México,014,Benito Juárez,6207048973,Vehículos de motor registrados en circulación,1991,209760,No especificada
09,Ciudad de México,014,Benito Juárez,6207048973,Vehículos de motor registrados en circulación,1992,237348,No especificada
09,Ciudad de México,014,Benito Juárez,6207048973,Vehículos de motor registrados en circulación,1993,270972,No especificada
09,Ciudad de México,014,Benito Juárez,6207048973,Vehículos de motor registrados en circulación,1994,210617,No especificada
09,Ciudad de México,014,Benito Juárez,6207048973,Vehículos de motor registrados en circulación,1995,218800,No especificada
09,Ciudad de México,014,Benito Juárez,6207048973,Vehículos de motor registrados en circulación,1996,210876,No especificada
09,Ciudad de México,014,Benito Juárez,6207048973,Vehículos de motor registrados en circulación,1997,214200,No especificada
09,Ciudad de México,014,Benito Juárez,6207048973,Vehículos de motor registrados en circulación,1998,259330,No especificada
09,Ciudad de México,014,Benito Juárez,6207048973,Vehículos de motor registrados en circulación,1999,270496,No especificada
09,Ciudad de México,014,Benito Juárez,6207048973,Vehículos de motor registrados en circulación,2000,255876,No especificada
09,Ciudad de México,014,Benito Juárez,6207048973,Vehículos de motor registrados en circulación,2001,244849,No especificada
09,Ciudad de México,014,Benito Juárez,6207048973,Vehículos de motor registrados en circulación,2002,236494,No especificada
09,Ciudad de México,014,Benito Juárez,6207048973,Vehículos de motor registrados en circulación,2003,231610,No especificada
09,Ciudad de México,014,Benito Juárez,6207048973,Vehículos de motor registrados en circulación,2004,262418,No especificada
09,Ciudad de México,014,Benito Juárez,6207048973,Vehículos de motor registrados en circulación,2005,254601,No especificada
09,Ciudad de México,014,Benito Juárez,6207048973,Vehículos de motor registrados en circulación,2006,285112,No especificada
09,Ciudad de México,014,Benito Juárez,6207048973,Vehículos de motor registrados en circulación,2007,312431,No especificada
09,Ciudad de México,014,Benito Juárez,6207048973,Vehículos de motor registrados en circulación,2008,316709,No especificada
09,Ciudad de México,014,Benito Juárez,6207048973,Vehículos de motor registrados en circulación,2009,336953,No especificada
09,Ciudad de México,014,Benito Juárez,6207048973,Vehículos de motor registrados en circulación,2010,335085,No especificada
09,Ciudad de México,014,Benito Juárez,6207048973,Vehículos de motor registrados en circulación,2011,356074,No especificada
09,Ciudad de México,014,Benito Juárez,6207048973,Vehículos de motor registrados en circulación,2012,381138,No especificada
09,Ciudad de México,014,Benito Juárez,6207048973,Vehículos de motor registrados en circulación,2013,398479,No especificada
09,Ciudad de México,014,Benito Juárez,6207048973,Vehículos de motor registrados en circulación,2014,421025,No especificada
09,Ciudad de México,014,Benito Juárez,6207048973,Vehículos de motor registrados en circulación,2015,446488,No especificada
09,Ciudad de México,014,Benito Juárez,6207048973,Vehículos de motor registrados en circulación,2016,467321,No especificada
09,Ciudad de México,014,Benito Juárez,6207048973,Vehículos de motor registrados en circulación,2017,488099,No especificada
09,Ciudad de México,014,Benito Juárez,6207048973,Vehículos de motor registrados en circulación,2018,519475,No especificada
09,Ciudad de México,014,Benito Juárez,6207048973,Vehículos de motor registrados en circulación,2019,544210,No especificada
09,Ciudad de México,014,Benito Juárez,6207048973,Vehículos de motor registrados en circulación,2020,549669,No especificada
09,Ciudad de México,014,Benito Juárez,6207048973,Vehículos de motor registrados en circulación,2021,557184,No especificada
09,Ciudad de México,015,Cuauhtémoc,6207048973,Vehículos de motor registrados en circulación,1980,243481,No especificada
09,Ciudad de México,015,Cuauhtémoc,6207048973,Vehículos de motor registrados en circulación,1981,260018,No especificada
09,Ciudad de México,015,Cuauhtémoc,6207048973,Vehículos de motor registrados en circulación,1982,255391,No especificada
09,Ciudad de México,015,Cuauhtémoc,6207048973,Vehículos de motor registrados en circulación,1983,230331,No especificada
09,Ciudad de México,015,Cuauhtémoc,6207048973,Vehículos de motor registrados en circulación,1984,233154,No especificada
09,Ciudad de México,015,Cuauhtémoc,6207048973,Vehículos de motor registrados en circulación,1985,237969,No especificada
09,Ciudad de México,015,Cuauhtémoc,6207048973,Vehículos de motor registrados en circulación,1986,197083,No especificada
09,Ciudad de México,015,Cuauhtémoc,6207048973,Vehículos de motor registrados en circulación,1987,204184,No especificada
09,Ciudad de México,015,Cuauhtémoc,6207048973,Vehículos de motor registrados en circulación,1988,219273,No especificada
09,Ciudad de México,015,Cuauhtémoc,6207048973,Vehículos de motor registrados en circulación,1989,223490,No especificada
09,Ciudad de México,015,Cuauhtémoc,6207048973,Vehículos de motor registrados en circulación,1990,259519,No especificada
09,Ciudad de México,015,Cuauhtémoc,6207048973,Vehículos de motor registrados en circulación,1991,232582,No especificada
09,Ciudad de México,015,Cuauhtémoc,6207048973,Vehículos de motor registrados en circulación,1992,249670,No especificada
09,Ciudad de México,015,Cuauhtémoc,6207048973,Vehículos de motor registrados en circulación,1993,284807,No especificada
09,Ciudad de México,015,Cuauhtémoc,6207048973,Vehículos de motor registrados en circulación,1994,226428,No especificada
09,Ciudad de México,015,Cuauhtémoc,6207048973,Vehículos de motor registrados en circulación,1995,237477,No especificada
09,Ciudad de México,015,Cuauhtémoc,6207048973,Vehículos de motor registrados en circulación,1996,227144,No especificada
09,Ciudad de México,015,Cuauhtémoc,6207048973,Vehículos de motor registrados en circulación,1997,230879,No especificada
09,Ciudad de México,015,Cuauhtémoc,6207048973,Vehículos de motor registrados en circulación,1998,277346,No especificada
09,Ciudad de México,015,Cuauhtémoc,6207048973,Vehículos de motor registrados en circulación,1999,288546,No especificada
09,Ciudad de México,015,Cuauhtémoc,6207048973,Vehículos de motor registrados en circulación,2000,274158,No especificada
09,Ciudad de México,015,Cuauhtémoc,6207048973,Vehículos de motor registrados en circulación,2001,261052,No especificada
09,Ciudad de México,015,Cuauhtémoc,6207048973,Vehículos de motor registrados en circulación,2002,251112,No especificada
09,Ciudad de México,015,Cuauhtémoc,6207048973,Vehículos de motor registrados en circulación,2003,245462,No especificada
09,Ciudad de México,015,Cuauhtémoc,6207048973,Vehículos de motor registrados en circulación,2004,276768,No especificada
09,Ciudad de México,015,Cuauhtémoc,6207048973,Vehículos de motor registrados en circulación,2005,247494,No especificada
09,Ciudad de México,015,Cuauhtémoc,6207048973,Vehículos de motor registrados en circulación,2006,288404,No especificada
09,Ciudad de México,015,Cuauhtémoc,6207048973,Vehículos de motor registrados en circulación,2007,323156,No especificada
09,Ciudad de México,015,Cuauhtémoc,6207048973,Vehículos de motor registrados en circulación,2008,330004,No especificada
09,Ciudad de México,015,Cuauhtémoc,6207048973,Vehículos de motor registrados en circulación,2009,350908,No especificada
09,Ciudad de México,015,Cuauhtémoc,6207048973,Vehículos de motor registrados en circulación,2010,337257,No especificada
09,Ciudad de México,015,Cuauhtémoc,6207048973,Vehículos de motor registrados en circulación,2011,359091,No especificada
09,Ciudad de México,015,Cuauhtémoc,6207048973,Vehículos de motor registrados en circulación,2012,374539,No especificada
09,Ciudad de México,015,Cuauhtémoc,6207048973,Vehículos de motor registrados en circulación,2013,389317,No especificada
09,Ciudad de México,015,Cuauhtémoc,6207048973,Vehículos de motor registrados en circulación,2014,430095,No especificada
09,Ciudad de México,015,Cuauhtémoc,6207048973,Vehículos de motor registrados en circulación,2015,454778,No especificada
09,Ciudad de México,015,Cuauhtémoc,6207048973,Vehículos de motor registrados en circulación,2016,475045,No especificada
09,Ciudad de México,015,Cuauhtémoc,6207048973,Vehículos de motor registrados en circulación,2017,497615,No especificada
09,Ciudad de México,015,Cuauhtémoc,6207048973,Vehículos de motor registrados en circulación,2018,534644,No especificada
09,Ciudad de México,015,Cuauhtémoc,6207048973,Vehículos de motor registrados en circulación,2019,563458,No especificada
09,Ciudad de México,015,Cuauhtémoc,6207048973,Vehículos de motor registrados en circulación,2020,568002,No especificada
09,Ciudad de México,015,Cuauhtémoc,6207048973,Vehículos de motor registrados en circulación,2021,575029,No especificada
09,Ciudad de México,016,Miguel Hidalgo,6207048973,Vehículos de motor registrados en circulación,1980,193977,No especificada
09,Ciudad de México,016,Miguel Hidalgo,6207048973,Vehículos de motor registrados en circulación,1981,207155,No especificada
09,Ciudad de México,016,Miguel Hidalgo,6207048973,Vehículos de motor registrados en circulación,1982,202896,No especificada
09,Ciudad de México,016,Miguel Hidalgo,6207048973,Vehículos de motor registrados en circulación,1983,182794,No especificada
09,Ciudad de México,016,Miguel Hidalgo,6207048973,Vehículos de motor registrados en circulación,1984,185149,No especificada
09,Ciudad de México,016,Miguel Hidalgo,6207048973,Vehículos de motor registrados en circulación,1985,188857,No especificada
09,Ciudad de México,016,Miguel Hidalgo,6207048973,Vehículos de motor registrados en circulación,1986,156266,No especificada
09,Ciudad de México,016,Miguel Hidalgo,6207048973,Vehículos de motor registrados en circulación,1987,157960,No especificada
09,Ciudad de México,016,Miguel Hidalgo,6207048973,Vehículos de motor registrados en circulación,1988,166886,No especificada
09,Ciudad de México,016,Miguel Hidalgo,6207048973,Vehículos de motor registrados en circulación,1989,170337,No especificada
09,Ciudad de México,016,Miguel Hidalgo,6207048973,Vehículos de motor registrados en circulación,1990,197172,No especificada
09,Ciudad de México,016,Miguel Hidalgo,6207048973,Vehículos de motor registrados en circulación,1991,185887,No especificada
09,Ciudad de México,016,Miguel Hidalgo,6207048973,Vehículos de motor registrados en circulación,1992,196676,No especificada
09,Ciudad de México,016,Miguel Hidalgo,6207048973,Vehículos de motor registrados en circulación,1993,224153,No especificada
09,Ciudad de México,016,Miguel Hidalgo,6207048973,Vehículos de motor registrados en circulación,1994,189901,No especificada
09,Ciudad de México,016,Miguel Hidalgo,6207048973,Vehículos de motor registrados en circulación,1995,199606,No especificada
09,Ciudad de México,016,Miguel Hidalgo,6207048973,Vehículos de motor registrados en circulación,1996,191933,No especificada
09,Ciudad de México,016,Miguel Hidalgo,6207048973,Vehículos de motor registrados en circulación,1997,196183,No especificada
09,Ciudad de México,016,Miguel Hidalgo,6207048973,Vehículos de motor registrados en circulación,1998,238543,No especificada
09,Ciudad de México,016,Miguel Hidalgo,6207048973,Vehículos de motor registrados en circulación,1999,247837,No especificada
09,Ciudad de México,016,Miguel Hidalgo,6207048973,Vehículos de motor registrados en circulación,2000,233937,No especificada
09,Ciudad de México,016,Miguel Hidalgo,6207048973,Vehículos de motor registrados en circulación,2001,222678,No especificada
09,Ciudad de México,016,Miguel Hidalgo,6207048973,Vehículos de motor registrados en circulación,2002,213516,No especificada
09,Ciudad de México,016,Miguel Hidalgo,6207048973,Vehículos de motor registrados en circulación,2003,207005,No especificada
09,Ciudad de México,016,Miguel Hidalgo,6207048973,Vehículos de motor registrados en circulación,2004,234363,No especificada
09,Ciudad de México,016,Miguel Hidalgo,6207048973,Vehículos de motor registrados en circulación,2005,220044,No especificada
09,Ciudad de México,016,Miguel Hidalgo,6207048973,Vehículos de motor registrados en circulación,2006,251474,No especificada
09,Ciudad de México,016,Miguel Hidalgo,6207048973,Vehículos de motor registrados en circulación,2007,282340,No especificada
09,Ciudad de México,016,Miguel Hidalgo,6207048973,Vehículos de motor registrados en circulación,2008,289880,No especificada
09,Ciudad de México,016,Miguel Hidalgo,6207048973,Vehículos de motor registrados en circulación,2009,310046,No especificada
09,Ciudad de México,016,Miguel Hidalgo,6207048973,Vehículos de motor registrados en circulación,2010,312825,No especificada
09,Ciudad de México,016,Miguel Hidalgo,6207048973,Vehículos de motor registrados en circulación,2011,336579,No especificada
09,Ciudad de México,016,Miguel Hidalgo,6207048973,Vehículos de motor registrados en circulación,2012,358564,No especificada
09,Ciudad de México,016,Miguel Hidalgo,6207048973,Vehículos de motor registrados en circulación,2013,373860,No especificada
09,Ciudad de México,016,Miguel Hidalgo,6207048973,Vehículos de motor registrados en circulación,2014,436208,No especificada
09,Ciudad de México,016,Miguel Hidalgo,6207048973,Vehículos de motor registrados en circulación,2015,461816,No especificada
09,Ciudad de México,016,Miguel Hidalgo,6207048973,Vehículos de motor registrados en circulación,2016,483350,No especificada
09,Ciudad de México,016,Miguel Hidalgo,6207048973,Vehículos de motor registrados en circulación,2017,502912,No especificada
09,Ciudad de México,016,Miguel Hidalgo,6207048973,Vehículos de motor registrados en circulación,2018,526632,No especificada
09,Ciudad de México,016,Miguel Hidalgo,6207048973,Vehículos de motor registrados en circulación,2019,546534,No especificada
09,Ciudad de México,016,Miguel Hidalgo,6207048973,Vehículos de motor registrados en circulación,2020,549225,No especificada
09,Ciudad de México,016,Miguel Hidalgo,6207048973,Vehículos de motor registrados en circulación,2021,555128,No especificada
09,Ciudad de México,017,Venustiano Carranza,6207048973,Vehículos de motor registrados en circulación,1980,110081,No especificada
09,Ciudad de México,017,Venustiano Carranza,6207048973,Vehículos de motor registrados en circulación,1981,117549,No especificada
09,Ciudad de México,017,Venustiano Carranza,6207048973,Vehículos de motor registrados en circulación,1982,116254,No especificada
09,Ciudad de México,017,Venustiano Carranza,6207048973,Vehículos de motor registrados en circulación,1983,104893,No especificada
09,Ciudad de México,017,Venustiano Carranza,6207048973,Vehículos de motor registrados en circulación,1984,106247,No especificada
09,Ciudad de México,017,Venustiano Carranza,6207048973,Vehículos de motor registrados en circulación,1985,108596,No especificada
09,Ciudad de México,017,Venustiano Carranza,6207048973,Vehículos de motor registrados en circulación,1986,90138,No especificada
09,Ciudad de México,017,Venustiano Carranza,6207048973,Vehículos de motor registrados en circulación,1987,93955,No especificada
09,Ciudad de México,017,Venustiano Carranza,6207048973,Vehículos de motor registrados en circulación,1988,100268,No especificada
09,Ciudad de México,017,Venustiano Carranza,6207048973,Vehículos de motor registrados en circulación,1989,102046,No especificada
09,Ciudad de México,017,Venustiano Carranza,6207048973,Vehículos de motor registrados en circulación,1990,115732,No especificada
09,Ciudad de México,017,Venustiano Carranza,6207048973,Vehículos de motor registrados en circulación,1991,113041,No especificada
09,Ciudad de México,017,Venustiano Carranza,6207048973,Vehículos de motor registrados en circulación,1992,138938,No especificada
09,Ciudad de México,017,Venustiano Carranza,6207048973,Vehículos de motor registrados en circulación,1993,157358,No especificada
09,Ciudad de México,017,Venustiano Carranza,6207048973,Vehículos de motor registrados en circulación,1994,111487,No especificada
09,Ciudad de México,017,Venustiano Carranza,6207048973,Vehículos de motor registrados en circulación,1995,118354,No especificada
09,Ciudad de México,017,Venustiano Carranza,6207048973,Vehículos de motor registrados en circulación,1996,114839,No especificada
09,Ciudad de México,017,Venustiano Carranza,6207048973,Vehículos de motor registrados en circulación,1997,116053,No especificada
09,Ciudad de México,017,Venustiano Carranza,6207048973,Vehículos de motor registrados en circulación,1998,140166,No especificada
09,Ciudad de México,017,Venustiano Carranza,6207048973,Vehículos de motor registrados en circulación,1999,143135,No especificada
09,Ciudad de México,017,Venustiano Carranza,6207048973,Vehículos de motor registrados en circulación,2000,139122,No especificada
09,Ciudad de México,017,Venustiano Carranza,6207048973,Vehículos de motor registrados en circulación,2001,133816,No especificada
09,Ciudad de México,017,Venustiano Carranza,6207048973,Vehículos de motor registrados en circulación,2002,129404,No especificada
09,Ciudad de México,017,Venustiano Carranza,6207048973,Vehículos de motor registrados en circulación,2003,126208,No especificada
09,Ciudad de México,017,Venustiano Carranza,6207048973,Vehículos de motor registrados en circulación,2004,142278,No especificada
09,Ciudad de México,017,Venustiano Carranza,6207048973,Vehículos de motor registrados en circulación,2005,135936,No especificada
09,Ciudad de México,017,Venustiano Carranza,6207048973,Vehículos de motor registrados en circulación,2006,154945,No especificada
09,Ciudad de México,017,Venustiano Carranza,6207048973,Vehículos de motor registrados en circulación,2007,173466,No especificada
09,Ciudad de México,017,Venustiano Carranza,6207048973,Vehículos de motor registrados en circulación,2008,174984,No especificada
09,Ciudad de México,017,Venustiano Carranza,6207048973,Vehículos de motor registrados en circulación,2009,184465,No especificada
09,Ciudad de México,017,Venustiano Carranza,6207048973,Vehículos de motor registrados en circulación,2010,183375,No especificada
09,Ciudad de México,017,Venustiano Carranza,6207048973,Vehículos de motor registrados en circulación,2011,193221,No especificada
09,Ciudad de México,017,Venustiano Carranza,6207048973,Vehículos de motor registrados en circulación,2012,203426,No especificada
09,Ciudad de México,017,Venustiano Carranza,6207048973,Vehículos de motor registrados en circulación,2013,209641,No especificada
09,Ciudad de México,017,Venustiano Carranza,6207048973,Vehículos de motor registrados en circulación,2014,240832,No especificada
09,Ciudad de México,017,Venustiano Carranza,6207048973,Vehículos de motor registrados en circulación,2015,251768,No especificada
09,Ciudad de México,017,Venustiano Carranza,6207048973,Vehículos de motor registrados en circulación,2016,261851,No especificada
09,Ciudad de México,017,Venustiano Carranza,6207048973,Vehículos de motor registrados en circulación,2017,275089,No especificada
09,Ciudad de México,017,Venustiano Carranza,6207048973,Vehículos de motor registrados en circulación,2018,289303,No especificada
09,Ciudad de México,017,Venustiano Carranza,6207048973,Vehículos de motor registrados en circulación,2019,302380,No especificada
09,Ciudad de México,017,Venustiano Carranza,6207048973,Vehículos de motor registrados en circulación,2020,305654,No especificada
09,Ciudad de México,017,Venustiano Carranza,6207048973,Vehículos de motor registrados en circulación,2021,309155,No especificada
09,Ciudad de México,997,Otros estados,6207048973,Vehículos de motor registrados en circulación,2005,278508,No especificada
09,Ciudad de México,997,Otros estados,6207048973,Vehículos de motor registrados en circulación,2006,287300,No especificada
09,Ciudad de México,997,Otros estados,6207048973,Vehículos de motor registrados en circulación,2007,282010,No especificada
09,Ciudad de México,997,Otros estados,6207048973,Vehículos de motor registrados en circulación,2008,717434,No especificada
09,Ciudad de México,997,Otros estados,6207048973,Vehículos de motor registrados en circulación,2009,707047,No especificada
09,Ciudad de México,997,Otros estados,6207048973,Vehículos de motor registrados en circulación,2010,695215,No especificada
09,Ciudad de México,997,Otros estados,6207048973,Vehículos de motor registrados en circulación,2011,691340,No especificada
09,Ciudad de México,997,Otros estados,6207048973,Vehículos de motor registrados en circulación,2012,668399,No especificada
09,Ciudad de México,997,Otros estados,6207048973,Vehículos de motor registrados en circulación,2013,663888,No especificada

